"endpoint URI","place","enpoint is online","test URI","the endpoint hosts a page for humans","the endpoint supports SPARQL content negotiation","the endpoint supports JSONP calls","the endpoint use port 80","the endpoint URL is easy to deduce from resources","the URI is online","the URI supports content negotiation rdf+xml","the resources and the endpoint are on the same domain","total number of triples","total number of entities","total number of blankNodes","total number of distinct classes","total number of distinct predicates","total number of entities described by dc:title","total number of entities described by rdfs:label","total number of entities described by dc:date"
"http://140.109.28.64:2020/sparql","Taiwan",false,
"http://156.35.31.156/sparql","Spain",false,
"http://156.35.82.103/sparql","Spain",false,
"http://193.145.57.56:8890/sparql","Spain",false,
"http://212.81.220.68:2020/elviajero","Spain",false,
"http://[2001:638:902:2010:0:168:35:109]/sparql","",false,
"http://aemet.linkeddata.es/sparql","Spain",false,
"http://api.kasabi.com/dataset/bricklink/apis/sparql","",false,
"http://api.kasabi.com/dataset/ecco-tcp-eighteenth-century-collections-online-texts/apis/sparql","",false,
"http://api.kasabi.com/dataset/english-heritage/apis/sparql","",false,
"http://api.kasabi.com/dataset/federal-reserve-economic-data/apis/sparql","",false,
"http://api.kasabi.com/dataset/foodista/apis/sparql","",false,
"http://api.kasabi.com/dataset/jisc-cetis-project-directory/apis/sparql","",false,
"http://api.kasabi.com/dataset/musicnet/apis/sparql","",false,
"http://api.kasabi.com/dataset/nasa/apis/sparql","",false,
"http://api.kasabi.com/dataset/openflights-routes/apis/sparql","",false,
"http://api.kasabi.com/dataset/pali-english-lexicon/apis/sparql","",false,
"http://api.kasabi.com/dataset/prelinger-archives/apis/sparql","",false,
"http://api.kasabi.com/dataset/renewable-energy-generators/apis/sparql","",false,
"http://api.kasabi.com/dataset/sanskrit-english-lexicon/apis/sparql","",false,
"http://api.kasabi.com/dataset/un-hazardous-material-numbers/apis/sparql","",false,
"http://api.kasabi.com/dataset/yahoo-geoplanet/apis/sparql","",false,
"http://api.talis.com/stores/airports/services/sparql","",false,
"http://api.talis.com/stores/bbc-backstage/services/sparql","",false,
"http://api.talis.com/stores/bbc-wildlife/services/sparql","",false,
"http://api.talis.com/stores/climb/services/sparql","",false,
"http://api.talis.com/stores/datagovuk/services/sparql","",false,
"http://api.talis.com/stores/elections/services/sparql","",false,
"http://api.talis.com/stores/eumida/services/sparql","",false,
"http://api.talis.com/stores/eupmedia/services/sparql","",false,
"http://api.talis.com/stores/eurobarometer/services/sparql","",false,
"http://api.talis.com/stores/eutc-productions/services/sparql","",false,
"http://api.talis.com/stores/gunnbib-digitalmanuskripter/sparql","",false,
"http://api.talis.com/stores/jgoodwin-genealogy/services/sparql","",false,
"http://api.talis.com/stores/massobservation/services/sparql","",false,
"http://api.talis.com/stores/mesh-norwegian/services/sparql","",false,
"http://api.talis.com/stores/metoffice/services/sparql","",false,
"http://api.talis.com/stores/moseley/services/sparql","",false,
"http://api.talis.com/stores/musicbrainz/services/sparql","",false,
"http://api.talis.com/stores/nvd/services/sparql","",false,
"http://api.talis.com/stores/openlibrary/services/sparql","",false,
"http://api.talis.com/stores/ordnance-survey/services/sparql","",false,
"http://api.talis.com/stores/pbac/services/sparql","",false,
"http://api.talis.com/stores/pokedex/services/sparql","",false,
"http://api.talis.com/stores/productdb/services/sparql","",false,
"http://api.talis.com/stores/rsinger-dev4/services/sparql","",false,
"http://api.talis.com/stores/schemapedia/services/sparql","",false,
"http://api.talis.com/stores/smcjournals/services/sparql","",false,
"http://api.talis.com/stores/theviewfrom/services/sparql","",false,
"http://api.talis.com/stores/trafficscotland/services/sparql","",false,
"http://api.talis.com/stores/whoiswho/services/sparql","",false,
"http://aseg.cs.concordia.ca/secold/sparqlendpoint","Canada",false,
"http://bibleontology.com/sparql/index.jsp","South Korea",false,
"http://biocyc.bio2rdf.org/sparql","Canada",false,
"http://chebi.bio2rdf.org/sparql","Canada",false,
"http://collection.britishmuseum.org/Sparql","United Kingdom",false,
"http://core.kmi.open.ac.uk/squery","United Kingdom",false,
"http://corpora.nlp2rdf.org/sparql","Germany",false,
"http://cpd.bio2rdf.org/sparql","",false,
"http://cr3.eionet.europa.eu/sparql","",false,
"http://crystaleye.ch.cam.ac.uk/sparql/","United Kingdom",false,
"http://cultura.linkeddata.es/sparql","Spain",false,
"http://data-gov.ie/sparql","Ireland",false,
"http://data.aalto.fi/sparql","Finland",false,
"http://data.bib.uni-mannheim.de/sparql","Germany",false,
"http://data.bibbase.org:2020/sparql","Canada",false,
"http://data.copac.ac.uk/sparql","United Kingdom",false,
"http://data.ege.edu.tr/ep/sparql","Turkey",false,
"http://data.lenka.no/sparql","Norway",false,
"http://data.linkedu.eu/forge/query","United Kingdom",false,
"http://data.linkedu.eu/hud/query","United Kingdom",false,
"http://data.linkedu.eu/kis/query","United Kingdom",false,
"http://data.linkedu.eu/ocw/query","United Kingdom",false,
"http://data.linkedu.eu/slidewiki/query","United Kingdom",false,
"http://202.73.13.50:55824/catalogs/performance/repositories/agrovoc","Malaysia",false,
"http://202.73.13.50:55824/catalogs/performance/repositories/jita ","Malaysia",false,
"http://affymetrix.bio2rdf.org/sparql","Canada",true,"http://bio2rdf.org/affymetrix:6671_at",true,true,true,true,true,true,true,false,44479820,1373253,3,24,215,0,0,1370219,0,
"http://agalpha.mathbiol.org/repositories/tcga","United States",true,"http://purl.org/tcga/core#18466777-9340-45c4-b4d0-99e004bbad6b",false,true,true,true,false,true,false,false,19893055,1562347,0,8,16,0,0,1562138,0,
"http://agencies.publicdata.eu/sparql","Germany",true,"http://agencies.publicdata.eu/r/country/The+Netherlands",true,true,true,true,true,true,true,true,13543352,825567,15568,198,236,0,337176,637634,0,
"http://apps.ideaconsult.net:8080/ontology","Bulgaria",true,"http://apps.ideaconsult.net:8080/ambit2/dataset/272",true,true,false,false,false,true,true,true,44977,13064,8833,223,112,1193,1,175,242,
"http://asev.l3s.uni-hannover.de:8085/openrdf-sesame/repositories/TERENCE_STORY","Germany",false,
"http://bfs.270a.info/sparql","Ireland",true,"http://bfs.270a.info/code/1.0/CL_HGDE_BEZ",true,true,true,true,true,true,true,true,1532849,364318,633,289,196,4,9,1244,0,
"http://cr.eionet.europa.eu/sparql","Denmark",true,"http://cdr.eionet.europa.eu/se/eea/aq1/env1040030675",false,true,false,true,true,true,true,false,379928778,31975345,2136859,854,9113,49,366520,3443626,12,
"http://ctd.bio2rdf.org/sparql","Canada",true,"http://bio2rdf.org/mesh:C514748",true,true,true,true,true,true,true,false,151492708,13627840,3,31,156,0,0,13627607,0,
"http://data.allie.dbcls.jp/sparql","Japan",true,"http://togows.dbcls.jp/entry/ncbi-pubmed/10749712",true,true,true,true,true,true,false,false,121328217,22911765,10967329,53,195,0,2,2800016,0,
"http://data.archiveshub.ac.uk/sparql","United Kingdom",true,"http://data.archiveshub.ac.uk/id/creationtime/gb1840-umw/umw/01/02/07/05",false,true,true,true,true,true,true,true,10000,10000,0,38,2,0,8319,7897,0,
"http://data.fundacionctic.org/sparql","Spain",true,"http://data.fundacionctic.org/cultura-turismo/turismo/Hotel/0fb14ef3be0b0210VgnVCM100000dc14e40aRCRD",true,true,true,true,true,true,true,true,449416,85077,29925,113,288,440,6690,9085,131,
"http://data.linkededucation.org/request/lak-conference/sparql","Germany",true,"http://data.linkededucation.org/resource/lak/reference/edm/1283",false,true,true,true,false,true,false,true,31164,5096,0,6,44,462,0,1597,0,
"http://data.nobelprize.org/sparql","Sweden",false,
"http://data.noticias.universia.net/d2r-server/snorql/","Spain",false,
"http://data.oceandrilling.org/sparql","United States",false,
"http://data.open.ac.uk/query","United Kingdom",true,"http://data.open.ac.uk/organization/the_open_university",true,true,true,true,false,true,true,true,3411766,368872,6,92,523,303,98596,319819,0,
"http://data.organic-edunet.eu/sparql","France",true,"http://data.organic-edunet.eu/resource/Annotation-1001",false,true,true,true,true,true,true,true,1144533,11093,0,1,77,0,11093,0,0,
"http://data.semanticuniverse.com/sparql","United States",false,
"http://data.semanticweb.org/sparql","Ireland",false,
"http://data.uni-muenster.de/sparql","Germany",true,"http://data.uni-muenster.de/context/cris/publication/27608",true,true,false,true,true,true,true,true,1947346,509507,54007,85,573,914,56050,165,888,
"http://dati.acs.beniculturali.it/sparql","Italy",true,"http://dati.acs.beniculturali.it/oad/luoghiACS/Mendicino",true,true,true,true,true,true,true,true,13505291,1556345,367603,55,246,690991,0,1389285,375636,
"http://dati.camera.it/sparql","Italy",true,"http://dati.camera.it/ocd/voto.rdf/vd17_059_002_305578",true,true,true,true,true,true,true,true,46364932,6500370,296720,68,194,3700025,0,3790142,1048579,
"http://dati.culturaitalia.it/sparql/","Italy",true,"http://dati.culturaitalia.it/resource/oai-fc1-to-cnr-it-openbess-to082-00024",true,true,true,true,false,true,true,true,30388018,8109015,3192174,104,249,19,4,1966,10,
"http://dati.senato.it/sparql","Italy",true,"http://dati.senato.it/ddl/24852",true,true,true,true,true,true,false,true,29672154,1481493,301950,50,225,0,0,1126687,0,
"http://datos.bcn.cl/sparql","Chile",true,"http://datos.bcn.cl/recurso/cl/legislatura/282/senado/sesion/ordinaria/19@1954-12-14",true,true,true,true,true,true,true,true,14253564,3010249,3731,452,281,601296,0,730291,31574,
"http://datos.bne.es/sparql","Spain",true,"http://datos.bne.es/resource/XX2014651spa",true,true,true,true,true,true,true,true,62425523,8227511,40,38,243,8,2,451726,98,
"http://dblp.l3s.de/d2r/sparql","Germany",true,"http://dblp.l3s.de/d2r/resource/collections/crc/IIR2005",false,true,true,true,false,true,true,true,421567,54939,0,6,25,10177,0,15623,0,
"http://dbmi-icode-01.dbmi.pitt.edu:2020/sparql","United States",false,
"http://dbpedia.org/sparql","Netherlands",true,"http://dbpedia.org/resource/Abel_Carlevaro",true,true,true,true,true,true,true,true,850152714,65479896,11244,383659,54137,6,3,24715338,1,
"http://dbtune.org/classical/sparql/","United Kingdom",false,
"http://dbtune.org/myspace/sparql/","United Kingdom",false,
"http://de.dbpedia.org/sparql","Germany",true,"http://de.dbpedia.org/property/pleochroismus",true,true,true,true,true,true,true,true,140531790,6922905,6,128,14718,0,0,3018389,0,
"http://diwis.imis.athena-innovation.gr:8181/sparql","Greece",false,
"http://doc.metalex.eu:8000/sparql/","Netherlands",true,"http://doc.metalex.eu/id/date/2009-12-05",true,true,true,false,false,true,true,true,294615368,72154623,3,196,206,0,35738,1670,0,
"http://dr.bio2rdf.org/sparql","",false,
"http://drugbank.bio2rdf.org/sparql","Canada",false,
"http://dwrgsweb-lb.rgs.mef.gov.it/DWRGSXL/sparql","Italy",true,"http://dwrgsweb-lb.rgs.mef.gov.it/birod/IMPO_FECS_CPPREVINIZ",false,true,false,true,false,true,false,true,4909143,227256,0,32,437,0,0,227256,0,
"http://ec.bio2rdf.org/sparql","",false,
"http://ecb.publicdata.eu/sparql","",false,
"http://ecs.rkbexplorer.com/sparql","United Kingdom",false,
"http://eculture2.cs.vu.nl:5020/sparql/","Netherlands",false,
"http://eculture2.cs.vu.nl:8890/sparql","Netherlands",true,"http://eculture2.cs.vu.nl:8890/DAV/VAD/conductor/toolkit/resize.js",true,true,true,false,true,true,false,true,2190467,238411,3,23,115,0,0,19789,0,
"http://el-devtc01.tugraz.at/~ldv/interlinking/endpoint_handler.php","Austria",false,
"http://en.openei.org/sparql","United States",true,"http://en.openei.org/lod/resource/wiki/Property-3AIncentive-2FCSPComMaxDolYr",true,true,true,true,true,true,true,true,23343552,1048838,14,991,3985,0,0,335557,0,
"http://enaktingpsi.rkbexplorer.com/sparql","United Kingdom",false,
"http://enipedia.tudelft.nl/sparql","Netherlands",true,"http://enipedia.tudelft.nl/data/eGRID/Plant/6329",true,true,true,true,true,true,true,true,32182697,2607400,99028,247,927,40,14,1810633,0,
"http://environment.data.gov.uk/sparql/bwq/query","United Kingdom",false,
"http://epo.publicdata.eu/sparql","Germany",true,"http://epo.publicdata.eu/ebd/id/EP02758573A1",true,true,true,true,true,true,true,true,13543352,825567,15568,198,236,0,337176,637634,0,
"http://eris.okfn.org/sparql","United Kingdom",false,
"http://eur-lex.publicdata.eu/sparql","Germany",true,"http://eur-lex.publicdata.eu/id/140509",true,true,true,true,true,true,true,true,13543352,825567,15568,198,236,0,337176,637634,0,
"http://eurostat.linked-statistics.org/sparql","Ireland",true,"http://eurostat.linked-statistics.org/dsd/trng_cvts3_01",true,true,true,true,true,true,false,true,794761,114150,43150,12,29,0,5558,4685,0,
"http://eventmedia.eurecom.fr/sparql","France",true,"http://data.linkedevents.org/event/187ff213-93ab-4028-9b69-984de8460d74",true,true,true,true,true,true,true,false,64571066,4989818,1934822,159,1891,2034166,67771,796690,0,
"http://fao.270a.info/sparql","Ireland",true,"http://fao.270a.info/dataset/AQUACULTURE_QUANTITY/04/158/PWG/FRESHWATER/1954",true,true,true,true,true,true,true,true,52873347,7274109,1264,112,214,4,19,1181,0,
"http://fun.rkbexplorer.com/sparql","United Kingdom",false,
"http://futurewavehosting.com:3030/my-family-lineage/sparql","",false,
"http://gdlc.rkbexplorer.com/sparql","United Kingdom",false,
"http://geo.linkeddata.es/sparql","Spain",true,"http://geo.linkeddata.es/resource/Nacimiento/Alhama%2C%20Nacimiento%20del%20R%C3%ADo",true,true,true,true,true,true,true,true,21619579,4380667,984,191,143,1,0,72862,0,
"http://gl.bio2rdf.org/sparql","Canada",false,
"http://go.bio2rdf.org/sparql","Canada",false,
"http://goa.bio2rdf.org/sparql","Canada",true,"http://bio2rdf.org/goa_resource:D3ZG95_1",true,true,true,true,true,true,true,false,80036755,2355369,3,24,164,0,0,2355123,0,
"http://greek-lod.math.auth.gr/intervalue/sparql","Greece",false,
"http://greek-lod.math.auth.gr/kalikratis/sparql","Greece",false,
"http://hcls.deri.org/sparql","Ireland",false,
"http://hcls.deri.org:8080/openrdf-sesame/repositories/tcga","Ireland",false,
"http://healthdata.tw.rpi.edu/sparql","United States",true,"http://healthdata.tw.rpi.edu/hub/dataset/2008-basic-stand-alone-inpatient",true,true,true,true,true,true,true,true,12226427,402598,328094,151,4967,16,1323,32845,2,
"http://helheim.deusto.es/hedatuz/sparql","Spain",true,"http://helheim.deusto.es/hedatuz/resource/biblio/5929",true,true,true,true,false,true,false,true,180567,15467,0,5,16,10400,0,0,10397,
"http://http://opendata.intellidomo.es:8080/sparql/","",false,
"http://ichoose.tw.rpi.edu/sparql","United States",true,"http://ichoose.tw.rpi.edu/id/sdService0e90b065-2558-4960-be07-c4540597b33a",true,true,true,true,true,true,true,true,10006152,1020132,615886,90,814,0,0,945,0,
"http://id.sgcb.mcu.es/sparql","Spain",true,"http://id.sgcb.mcu.es/Autoridades/LEM201002023/concept",true,true,true,true,true,true,true,true,209510,19158,0,2,15,0,0,0,0,
"http://ieeevis.tw.rpi.edu/sparql","United States",true,"http://ieeevis.tw.rpi.edu/source/tw-rpi-edu/file/cr-linksets/version/2013-Mar-23/conversion/tw-rpi-edu-cr-linksets-2013-Mar-23.void.ttl",true,true,true,true,true,true,false,true,3269006,255682,69145,271,646,4367,1809,24325,0,
"http://imf.270a.info/sparql","Ireland",true,"http://imf.270a.info/dataset/MBLD/IAP/MX/CPIS/A/132/PUB/L_M/2011",true,true,true,true,true,true,true,true,40036391,3616829,698,100,239,4,113,1242,0,
"http://inoh.bio2rdf.org/sparql","Canada",false,
"http://it.dbpedia.org/sparql","Italy",true,"http://it.dbpedia.org/property/q2Etichetta",true,true,true,true,true,true,true,true,94165863,6585181,6,145,12558,0,0,1888857,0,
"http://ja.dbpedia.org/sparql","Japan",true,"http://ja.dbpedia.org/property/incumbentsince",true,true,true,true,true,true,true,true,81608438,2000728,0,172,18345,0,0,1571897,0,
"http://kasabi.com/api/sparql-endpoint-foodista","Ireland",false,
"http://kegg.bio2rdf.org/sparql","Canada",true,"http://bio2rdf.org/path:ecd00500-122",true,true,true,true,true,true,true,false,49859159,11633810,3,32,161,517303,0,609951,0,
"http://kent.zpr.fer.hr:8080/educationalProgram/sparql","Croatia",true,"http://kent.zpr.fer.hr:8080/educationalProgram/resource/organization/100412",false,true,true,false,false,true,true,true,2421268,358632,0,27,45,0,0,40509,0,
"http://kwijibo.talis.com/latc-linksets/sparql","Ireland",false,
"http://lab3.libris.kb.se/sparql","Sweden",false,
"http://labs.mondeca.com/endpoint/ends","France",false,
"http://linguistic.linkeddata.es/sparql","Spain",true,"http://linguistic.linkeddata.es/data/terminesp/37282",true,true,true,true,true,true,true,true,649161,261282,79063,26,125,0,0,844,0,
"http://link.informatics.stonybrook.edu/sparql/","United States",false,
"http://linked.opendata.cz/sparql","Czech Republic",true,"http://linked.opendata.cz/resource/fda-spl/ingredient/5BGA9FD55H",true,true,true,true,true,true,true,true,95077531,22222951,1914546,221,796,0,6736717,109267,1,
"http://linkeddata.comune.fi.it:8080/sparql","Italy",true,"http://linkeddata.comune.fi.it:8080/resource/toponomastica/Via_Ruggero_Leoncavallo.1.N",false,true,true,false,true,true,true,true,63389,8422,0,4,22,0,0,8422,0,
"http://linkeddata.finki.ukim.mk/sparql","Macedonia",true,"http://linkeddata.finki.ukim.mk/DAV/VAD/conductor/db_repl_pub_cr_edit.vspx",true,true,true,true,true,true,false,true,1050460,74827,217,81,502,6,1,3871,0,
"http://linkeddata.ge.imati.cnr.it:2020/sparql","Italy",true,"http://linkeddata.ge.imati.cnr.it:2020/resource/species/s21846",true,true,true,false,true,true,true,true,2165026,228400,12,48,189,0,6,222752,0,
"http://linkedgeodata.org/sparql/","Germany",true,"http://linkedgeodata.org/geometry/node1094017991",true,true,true,true,false,true,true,true,226422949,68427210,0,1082,16468,0,0,6068736,0,
"http://linkedspending.aksw.org/sparql","Germany",false,
"http://linkedstat.spaziodati.eu/sparql","Germany",true,"http://linkedstat.spaziodati.eu/class/1.1/CL_INQUINANTI",true,true,true,true,true,true,true,true,136407708,10596142,4720,484,992,3,236,1294,0,
"http://lod.apc.gov.tw/sparql","Taiwan",true,"http://lod.apc.gov.tw:8890/schemas/Cultural_Creative/tip-aboriginalartistsresidencyprograms-annotate",true,true,true,true,true,true,true,true,665729,113132,31031,157,1005,30,4,3533,16,
"http://lod.euscreen.eu/sparql","Greece",false,
"http://202.45.142.113:10035/repositories/agris","Malaysia",true,"http://agris.fao.org/aos/records/TH2000000384",false,true,true,false,false,true,true,false,"unavailable","unavailable","unavailable",4,"unavailable",0,5710155,0,0,
"http://acm.rkbexplorer.com/sparql/","United Kingdom",true,"not available",true,false,false,true,false,false,"unavailable",false,"unavailable","unavailable","unavailable","unavailable","unavailable","unavailable","unavailable","unavailable","unavailable",
"http://aksw.org/sparql","Germany",true,"http://aksw.org/Partner/SLUB",false,true,true,true,true,true,true,true,"unavailable","unavailable","unavailable","unavailable","unavailable","unavailable","unavailable","unavailable","unavailable",
"http://alaska.eagle-i.net/sparqler/sparql","United States",true,"",false,false,false,true,false,false,"unavailable",false,"unavailable","unavailable","unavailable","unavailable","unavailable","unavailable","unavailable","unavailable","unavailable",
"http://beta.sparql.uniprot.org","Switzerland",true,"not available",false,false,false,true,true,false,"unavailable",false,"unavailable","unavailable","unavailable","unavailable","unavailable","unavailable","unavailable","unavailable","unavailable",
"http://beta.sparql.uniprot.org/","Switzerland",true,"not available",false,false,false,true,false,false,"unavailable",false,"unavailable","unavailable","unavailable","unavailable","unavailable","unavailable","unavailable","unavailable","unavailable",
"http://biolit.rkbexplorer.com/sparql","United Kingdom",true,"not available",true,false,false,true,true,false,"unavailable",false,"unavailable","unavailable","unavailable","unavailable","unavailable","unavailable","unavailable","unavailable","unavailable",
"http://biomodels.bio2rdf.org/sparql","Canada",true,"not available",true,true,true,true,true,false,"unavailable",false,600332,83537,3,42,176,0,0,51403,0,
"http://biordf.net/sparql","Canada",true,"not available",true,true,false,true,true,false,"unavailable",false,"unavailable","unavailable","unavailable","unavailable","unavailable","unavailable","unavailable","unavailable","unavailable",
"http://bnb.data.bl.uk/sparql","United Kingdom",true,"http://bnb.data.bl.uk/id/person/HoltmanRobertB",false,true,false,true,true,true,true,true,"unavailable","unavailable","unavailable","unavailable","unavailable",0,2937561,9382706,0,
"http://budapest.rkbexplorer.com/sparql/","United Kingdom",true,"not available",true,false,false,true,false,false,"unavailable",false,"unavailable","unavailable","unavailable","unavailable","unavailable","unavailable","unavailable","unavailable","unavailable",
"http://catalogus-professorum.org/sparql","Germany",true,"",false,false,false,true,true,false,"unavailable",false,"unavailable","unavailable","unavailable","unavailable","unavailable","unavailable","unavailable","unavailable","unavailable",
"http://cau.eagle-i.net/sparqler/sparql","United States",true,"",false,false,false,true,false,false,"unavailable",false,"unavailable","unavailable","unavailable","unavailable","unavailable","unavailable","unavailable","unavailable","unavailable",
"http://cb.semsol.org/sparql","Germany",true,"not available",true,false,true,true,true,false,"unavailable",false,"unavailable","unavailable","unavailable","unavailable","unavailable","unavailable","unavailable","unavailable","unavailable",
"http://ccny-cuny.eagle-i.net/sparqler/sparql","United States",true,"",false,false,false,true,false,false,"unavailable",false,"unavailable","unavailable","unavailable","unavailable","unavailable","unavailable","unavailable","unavailable","unavailable",
"http://cdrewu.eagle-i.net/sparqler/sparql","United States",true,"",false,false,false,true,false,false,"unavailable",false,"unavailable","unavailable","unavailable","unavailable","unavailable","unavailable","unavailable","unavailable","unavailable",
"http://citeseer.rkbexplorer.com/sparql/","United Kingdom",true,"not available",true,false,false,true,false,false,"unavailable",false,"unavailable","unavailable","unavailable","unavailable","unavailable","unavailable","unavailable","unavailable","unavailable",
"http://colinda.org/endpoint.php","Austria",true,"",true,false,false,true,false,false,"unavailable",false,"unavailable","unavailable","unavailable","unavailable","unavailable","unavailable","unavailable","unavailable","unavailable",
"http://cordis.rkbexplorer.com/sparql/","United Kingdom",true,"not available",true,false,false,true,false,false,"unavailable",false,"unavailable","unavailable","unavailable","unavailable","unavailable","unavailable","unavailable","unavailable","unavailable",
"http://courseware.rkbexplorer.com/sparql/","United Kingdom",true,"not available",true,false,false,true,false,false,"unavailable",false,"unavailable","unavailable","unavailable","unavailable","unavailable","unavailable","unavailable","unavailable","unavailable",
"http://crime.rkbexplorer.com/sparql/","United Kingdom",true,"not available",true,false,false,true,false,false,"unavailable",false,"unavailable","unavailable","unavailable","unavailable","unavailable","unavailable","unavailable","unavailable","unavailable",
"http://crm.rkbexplorer.com/sparql","United Kingdom",true,"not available",true,false,false,true,true,false,"unavailable",false,"unavailable","unavailable","unavailable","unavailable","unavailable","unavailable","unavailable","unavailable","unavailable",
"http://curriculum.rkbexplorer.com/sparql/","United Kingdom",true,"not available",true,false,false,true,false,false,"unavailable",false,"unavailable","unavailable","unavailable","unavailable","unavailable","unavailable","unavailable","unavailable","unavailable",
"http://dacura.cs.tcd.ie/sparql","Ireland",true,"not available",true,true,true,true,true,false,"unavailable",false,0,0,0,0,0,0,0,0,0,
"http://darmstadt.rkbexplorer.com/sparql/","United Kingdom",true,"not available",true,false,false,true,false,false,"unavailable",false,"unavailable","unavailable","unavailable","unavailable","unavailable","unavailable","unavailable","unavailable","unavailable",
"http://dartmouth.eagle-i.net/sparqler/sparql","United States",true,"",false,false,false,true,false,false,"unavailable",false,"unavailable","unavailable","unavailable","unavailable","unavailable","unavailable","unavailable","unavailable","unavailable",
"http://data.bibsys.no/data/query_authority.html","Norway",true,"not available",true,false,false,true,false,false,"unavailable",false,"unavailable","unavailable","unavailable","unavailable","unavailable","unavailable","unavailable","unavailable","unavailable",
"http://data.cnr.it/sparql-proxy/","Italy",true,"not available",false,true,true,true,false,false,"unavailable",false,8862396,729594,365,120,207,2,5,484479,0,
"http://data.colinda.org/endpoint.php","Austria",true,"not available",true,true,true,true,false,false,"unavailable",false,149016,17114,"unavailable","unavailable","unavailable","unavailable","unavailable","unavailable","unavailable",
"http://data.linkedct.org/sparql","Canada",true,"not available",false,false,false,true,true,false,"unavailable",false,"unavailable","unavailable","unavailable","unavailable","unavailable","unavailable","unavailable","unavailable","unavailable",
"http://data.linkedmdb.org/sparql","Canada",true,"http://data.linkedmdb.org/resource/film_art_director/221",false,true,true,true,true,true,true,true,419251,60001,"unavailable",53,219,"unavailable",2500,49278,"unavailable",
"http://data.lod2.eu/sparql","Germany",true,"http://data.lod2.eu/scoreboard/items/bb_fcov/RURAL_POP/_pop/Portugal/2010/year",false,true,true,true,true,true,true,true,"unavailable","unavailable","unavailable","unavailable","unavailable","unavailable","unavailable","unavailable","unavailable",
"http://data.nature.com/query","United States",true,"http://ns.nature.com/contributors/r-doi-1ieljv68slx3b",true,true,false,true,false,true,true,false,"unavailable",14246445,"unavailable","unavailable","unavailable","unavailable","unavailable","unavailable","unavailable",
"http://data.ngii.go.kr/SPARQL/sparql","South Korea",true,"not available",true,false,false,true,false,false,"unavailable",false,"unavailable","unavailable","unavailable","unavailable","unavailable","unavailable","unavailable","unavailable","unavailable",
"http://data.ox.ac.uk/sparql/","United Kingdom",true,"not available",true,true,true,true,false,false,"unavailable",false,308391,49824,1530,131,328,2159,9235,20726,20,
"http://dblp.rkbexplorer.com/sparql/","United Kingdom",true,"not available",true,false,false,true,false,false,"unavailable",false,"unavailable","unavailable","unavailable","unavailable","unavailable","unavailable","unavailable","unavailable","unavailable",
"http://dbmi-icode-01.dbmi.pitt.edu/linkedSPLs/sparql","United States",true,"",false,false,false,true,false,false,"unavailable",false,"unavailable","unavailable","unavailable","unavailable","unavailable","unavailable","unavailable","unavailable","unavailable",
"http://dbtune.org/bbc/peel/sparql/","United Kingdom",true,"not available",false,false,false,true,false,false,"unavailable",false,"unavailable","unavailable","unavailable","unavailable","unavailable","unavailable","unavailable","unavailable","unavailable",
"http://dbtune.org/jamendo/sparql/","United Kingdom",true,"not available",false,false,false,true,false,false,"unavailable",false,"unavailable","unavailable","unavailable","unavailable","unavailable","unavailable","unavailable","unavailable","unavailable",
"http://dbtune.org/magnatune/sparql/","United Kingdom",true,"not available",false,false,false,true,false,false,"unavailable",false,"unavailable","unavailable","unavailable","unavailable","unavailable","unavailable","unavailable","unavailable","unavailable",
"http://dbtune.org/musicbrainz/sparql","United Kingdom",true,"http://dbtune.org/musicbrainz/resource/puidjoin/1",false,true,true,true,false,true,true,true,"unavailable","unavailable","unavailable","unavailable","unavailable","unavailable",0,"unavailable","unavailable",
"http://deepblue.rkbexplorer.com/sparql/","United Kingdom",true,"not available",true,false,false,true,false,false,"unavailable",false,"unavailable","unavailable","unavailable","unavailable","unavailable","unavailable","unavailable","unavailable","unavailable",
"http://deploy.rkbexplorer.com/sparql/","United Kingdom",true,"not available",true,false,false,true,false,false,"unavailable",false,"unavailable","unavailable","unavailable","unavailable","unavailable","unavailable","unavailable","unavailable","unavailable",
"http://dewey.info/sparql.php","United States",true,"http://dewey.info/class/044/",true,true,true,true,false,true,true,true,4485850,572103,"unavailable","unavailable","unavailable","unavailable","unavailable","unavailable","unavailable",
"http://digitaleconomy.rkbexplorer.com/sparql","United Kingdom",true,"not available",true,false,false,true,true,false,"unavailable",false,"unavailable","unavailable","unavailable","unavailable","unavailable","unavailable","unavailable","unavailable","unavailable",
"http://dotac.rkbexplorer.com/sparql/","United Kingdom",true,"not available",true,false,false,true,false,false,"unavailable",false,"unavailable","unavailable","unavailable","unavailable","unavailable","unavailable","unavailable","unavailable","unavailable",
"http://ecb.270a.info/sparql","Ireland",true,"http://ecb.270a.info/dataset/YC",true,true,true,true,true,true,true,true,"unavailable","unavailable","unavailable",228,"unavailable",4,278,1464,0,
"http://ecowlim.tfri.gov.tw/sparql/query","Taiwan",true,"http://ecowlim.tfri.gov.tw/lode/resource/taibnet/Family/Plagiotheciaceae",false,true,true,true,false,true,true,true,"unavailable",3103754,"unavailable",210,"unavailable",6,6,510688,6,
"http://el.dbpedia.org/sparql","Greece",true,"http://el.dbpedia.org/property/σημείοΑυτανάφλεξης",true,true,true,true,true,false,"unavailable",true,5462726,484726,3,14411,5052,0,0,"unavailable",0,
"http://eprints.rkbexplorer.com/sparql/","United Kingdom",true,"not available",true,false,false,true,false,false,"unavailable",false,"unavailable","unavailable","unavailable","unavailable","unavailable","unavailable","unavailable","unavailable","unavailable",
"http://epsrc.rkbexplorer.com/sparql","United Kingdom",true,"not available",true,false,false,true,true,false,"unavailable",false,"unavailable","unavailable","unavailable","unavailable","unavailable","unavailable","unavailable","unavailable","unavailable",
"http://era.rkbexplorer.com/sparql/","United Kingdom",true,"not available",true,false,false,true,false,false,"unavailable",false,"unavailable","unavailable","unavailable","unavailable","unavailable","unavailable","unavailable","unavailable","unavailable",
"http://eudbpedia.deusto.es/sparql","Spain",true,"not available",true,true,true,true,true,false,"unavailable",false,4163377,896964,29182,133,422,949,4,230666,268,
"http://eurecom.rkbexplorer.com/sparql/","United Kingdom",true,"not available",true,false,false,true,false,false,"unavailable",false,"unavailable","unavailable","unavailable","unavailable","unavailable","unavailable","unavailable","unavailable","unavailable",
"http://europeana.ontotext.com/sparql","Bulgaria",true,"http://data.europeana.eu/aggregation/europeana/00101/F50D04A0DBEC5FBB1CAFB169E54E6AEF7583B6AF",true,true,false,true,true,true,true,false,"unavailable","unavailable","unavailable","unavailable","unavailable",19435452,1,78,9707467,
"http://factforge.net/sparql","Bulgaria",true,"not available",true,true,false,true,true,false,"unavailable",false,"unavailable","unavailable","unavailable","unavailable","unavailable",15557352,2,"unavailable",942856,
"http://famu.eagle-i.net/sparqler/sparql","United States",true,"",false,false,false,true,false,false,"unavailable",false,"unavailable","unavailable","unavailable","unavailable","unavailable","unavailable","unavailable","unavailable","unavailable",
"http://fintrans.publicdata.eu/sparql","Germany",true,"not available",true,true,true,true,true,false,"unavailable",false,4861599,701606,9,1078,1514,0,0,307387,0,
"http://foreign.rkbexplorer.com/sparql","United Kingdom",true,"not available",true,false,false,true,true,false,"unavailable",false,"unavailable","unavailable","unavailable","unavailable","unavailable","unavailable","unavailable","unavailable","unavailable",
"http://foreign.rkbexplorer.com/sparql/","United Kingdom",true,"not available",true,false,false,true,false,false,"unavailable",false,"unavailable","unavailable","unavailable","unavailable","unavailable","unavailable","unavailable","unavailable","unavailable",
"http://fr.dbpedia.org/sparql","France",true,"http://fr.dbpedia.org/property/annéeDeSortie",true,true,true,true,true,false,"unavailable",true,137753851,4897562,3,233,17205,0,0,2966299,0,
"http://ft.rkbexplorer.com/sparql/","United Kingdom",true,"not available",true,false,false,true,false,false,"unavailable",false,"unavailable","unavailable","unavailable","unavailable","unavailable","unavailable","unavailable","unavailable","unavailable",
"http://genbank.bio2rdf.org/sparql","Canada",true,"not available",true,true,true,true,true,false,"unavailable",false,6980174,885223,12,24,128,209795,0,884897,0,
"http://gene.bio2rdf.org/sparql","Canada",true,"http://bio2rdf.org/geneid:7454852",true,true,true,true,true,true,true,false,394038745,21967304,3,39,199,0,0,11603294,0,
"http://gov.tso.co.uk/coins/sparql","United Kingdom",true,"http://source.data.gov.uk/data/coins/2009-10/2010-06-14/a2009m/fof/fos/wag090/51617200/pwa1285a/cpid.na",false,true,false,true,false,true,false,false,"unavailable","unavailable","unavailable","unavailable","unavailable","unavailable","unavailable","unavailable","unavailable",
"http://gov.tso.co.uk/dclg/sparql","United Kingdom",true,"",false,false,false,true,false,false,"unavailable",false,"unavailable","unavailable","unavailable","unavailable","unavailable","unavailable","unavailable","unavailable","unavailable",
"http://gov.tso.co.uk/legislation/sparql","United Kingdom",true,"",false,false,false,true,false,false,"unavailable",false,"unavailable","unavailable","unavailable","unavailable","unavailable","unavailable","unavailable","unavailable","unavailable",
"http://gov.tso.co.uk/transport/sparql","United Kingdom",true,"",false,false,false,true,false,false,"unavailable",false,"unavailable","unavailable","unavailable","unavailable","unavailable","unavailable","unavailable","unavailable","unavailable",
"http://govwild.org/sparql","Germany",false,
"http://greek-lod.auth.gr/fire-brigade/sparql","Greece",true,"",false,false,false,true,false,false,"unavailable",false,"unavailable","unavailable","unavailable","unavailable","unavailable",0,0,"unavailable",0,
"http://greek-lod.auth.gr/police/sparql","Greece",true,"not available",false,true,true,true,false,false,"unavailable",false,134354,11141,0,4,42,0,0,71,0,
"http://harvard.eagle-i.net/sparqler/sparql","United States",true,"",false,false,false,true,false,false,"unavailable",false,"unavailable","unavailable","unavailable","unavailable","unavailable","unavailable","unavailable","unavailable","unavailable",
"http://hawaii.eagle-i.net/sparqler/sparql","United States",true,"",false,false,false,true,false,false,"unavailable",false,"unavailable","unavailable","unavailable","unavailable","unavailable","unavailable","unavailable","unavailable","unavailable",
"http://helheim.deusto.es/bizkaisense/sparql","Spain",true,"not available",false,false,false,true,false,false,"unavailable",false,"unavailable","unavailable","unavailable","unavailable","unavailable","unavailable","unavailable","unavailable","unavailable",
"http://hgnc.bio2rdf.org/sparql","Canada",true,"not available",true,true,true,true,true,false,"unavailable",false,844774,37529,3,25,183,0,0,37268,0,
"http://hhpid.bio2rdf.org/sparql","Canada",true,"not available",true,true,true,true,true,false,"unavailable",false,249368,18970,4,22,124,0,0,40,0,
"http://homologene.bio2rdf.org/sparql","Canada",true,"not available",true,true,true,true,true,false,"unavailable",false,1289715,43898,3,25,156,0,0,43646,0,
"http://howard.eagle-i.net/sparqler/sparql","United States",true,"",false,false,false,true,false,false,"unavailable",false,"unavailable","unavailable","unavailable","unavailable","unavailable","unavailable","unavailable","unavailable","unavailable",
"http://hunter-cuny.eagle-i.net/sparqler/sparql","United States",true,"",false,false,false,true,false,false,"unavailable",false,"unavailable","unavailable","unavailable","unavailable","unavailable","unavailable","unavailable","unavailable","unavailable",
"http://ibm.rkbexplorer.com/sparql/","United Kingdom",true,"not available",true,false,false,true,false,false,"unavailable",false,"unavailable","unavailable","unavailable","unavailable","unavailable","unavailable","unavailable","unavailable","unavailable",
"http://id.ndl.go.jp/auth/ndla/","Japan",true,"http://id.ndl.go.jp/auth/ndlna/00256682",true,false,true,true,false,true,true,true,18392796,2142313,"unavailable","unavailable","unavailable","unavailable","unavailable","unavailable","unavailable",
"http://id.ndl.go.jp/auth/ndlsh/","Japan",true,"http://id.ndl.go.jp/auth/ndlna/00256682",true,false,true,true,false,true,true,true,18392796,2142313,"unavailable","unavailable","unavailable","unavailable","unavailable","unavailable","unavailable",
"http://idi.fundacionctic.org/classifications_endpoint/eurovoc","Spain",true,"",false,false,false,true,false,false,"unavailable",false,"unavailable","unavailable","unavailable","unavailable","unavailable","unavailable","unavailable","unavailable","unavailable",
"http://ieee.rkbexplorer.com/sparql/","United Kingdom",true,"not available",true,false,false,true,false,false,"unavailable",false,"unavailable","unavailable","unavailable","unavailable","unavailable","unavailable","unavailable","unavailable","unavailable",
"http://interpro.bio2rdf.org/sparql","Canada",true,"not available",true,true,true,true,true,false,"unavailable",false,1009504,24103,3,31,173,0,0,23835,0,
"http://iproclass.bio2rdf.org/sparql","Canada",true,"http://localhost:8890/DAV//VAD/conductor/db_repl_bi_remove.vspx",true,true,true,true,true,false,"unavailable",false,211373302,289,3,23,165,0,0,43,0,
"http://irit.rkbexplorer.com/sparql/","United Kingdom",true,"not available",true,false,false,true,false,false,"unavailable",false,"unavailable","unavailable","unavailable","unavailable","unavailable","unavailable","unavailable","unavailable","unavailable",
"http://iserve.kmi.open.ac.uk/iserve/sparql","United Kingdom",true,"not available",false,false,false,true,false,false,"unavailable",false,"unavailable","unavailable","unavailable","unavailable","unavailable","unavailable","unavailable","unavailable","unavailable",
"http://italy.rkbexplorer.com/sparql","United Kingdom",true,"not available",true,false,false,true,true,false,"unavailable",false,"unavailable","unavailable","unavailable","unavailable","unavailable","unavailable","unavailable","unavailable","unavailable",
"http://jisc.rkbexplorer.com/sparql/","United Kingdom",true,"not available",true,false,false,true,false,false,"unavailable",false,"unavailable","unavailable","unavailable","unavailable","unavailable","unavailable","unavailable","unavailable","unavailable",
"http://jsu.eagle-i.net/sparqler/sparql","United States",true,"",false,false,false,true,false,false,"unavailable",false,"unavailable","unavailable","unavailable","unavailable","unavailable","unavailable","unavailable","unavailable","unavailable",
"http://kaiko.getalp.org/sparql","France",true,"http://kaiko.getalp.org/dbnary/bul/__tr_eng_1_предпоставка__Съществително_нарицателно_име__1",true,true,true,true,true,false,"unavailable",true,43724302,8614755,3363463,42,173,0,0,230,0,
"http://kaunas.rkbexplorer.com/sparql","United Kingdom",true,"not available",true,false,false,true,true,false,"unavailable",false,"unavailable","unavailable","unavailable","unavailable","unavailable","unavailable","unavailable","unavailable","unavailable",
"http://kdata.kr/sparql/endpoint.jsp","South Korea",true,"not available",true,false,false,true,false,false,"unavailable",false,"unavailable","unavailable","unavailable","unavailable","unavailable","unavailable","unavailable","unavailable","unavailable",
"http://kisti.rkbexplorer.com/sparql/","United Kingdom",true,"not available",true,false,false,true,false,false,"unavailable",false,"unavailable","unavailable","unavailable","unavailable","unavailable","unavailable","unavailable","unavailable","unavailable",
"http://laas.rkbexplorer.com/sparql/","United Kingdom",true,"not available",true,false,false,true,false,false,"unavailable",false,"unavailable","unavailable","unavailable","unavailable","unavailable","unavailable","unavailable","unavailable","unavailable",
"http://lexinfo.net/corpora/alpino/query.php","Germany",true,"not available",true,false,false,true,false,false,"unavailable",false,"unavailable","unavailable","unavailable","unavailable","unavailable","unavailable","unavailable","unavailable","unavailable",
"http://libver.math.auth.gr/sparql","Greece",true,"",true,false,false,true,true,false,"unavailable",false,"unavailable","unavailable","unavailable","unavailable","unavailable","unavailable","unavailable","unavailable","unavailable",
"http://linkeddata.uriburner.com/sparql","Netherlands",true,"http://linkeddata.uriburner.com/about/id/http/blog.academyinsurance.co.uk/#pingback",true,true,true,true,true,true,true,true,"unavailable",14367214,657287,"unavailable","unavailable",479990,2746,3205533,2534,
"http://linkedlifedata.com/sparql","Bulgaria",true,"not available",true,true,false,true,true,false,"unavailable",false,8623431,9304678,601,13,1,31319,1,7755722,0,
"http://linkedopencommerce.com/sparql","United States",true,"",false,false,false,true,true,false,"unavailable",false,"unavailable","unavailable","unavailable","unavailable","unavailable","unavailable","unavailable","unavailable","unavailable",
"http://lisbon.rkbexplorer.com/sparql","United Kingdom",true,"not available",true,false,false,true,true,false,"unavailable",false,"unavailable","unavailable","unavailable","unavailable","unavailable","unavailable","unavailable","unavailable","unavailable",
"http://live.dbpedia.org/sparql","Germany",true,"not available",true,true,true,true,true,false,"unavailable",false,343672056,31569367,9,537,55700,0,0,12010406,0,
"http://lobid.org/sparql/","Germany",true,"not available",false,false,false,true,false,false,"unavailable",false,"unavailable","unavailable","unavailable","unavailable","unavailable","unavailable","unavailable","unavailable","unavailable",
"http://lod.ac/bdls/sparql","Japan",true,"http://lod.ac/bdls/term/生命",true,true,false,true,false,false,"unavailable",true,"unavailable",588878,"unavailable",12,"unavailable",0,0,1029895,0,
"http://lod.b3kat.de/sparql","Germany",true,"http://lod.b3kat.de/bib/DE-11/item/BV000025515",true,true,false,true,true,true,true,true,"unavailable",122715457,"unavailable","unavailable","unavailable","unavailable","unavailable","unavailable","unavailable",
"http://lod.gesis.org/thesoz/sparql","Germany",true,"http://lod.gesis.org/thesoz/concept/10034972",false,true,false,true,false,true,true,true,"unavailable","unavailable","unavailable","unavailable","unavailable","unavailable","unavailable","unavailable","unavailable",
"http://lod.hebis.de/sparql","Germany",true,"http://lod.hebis.de/resource/00105467",true,true,true,true,true,true,true,true,"unavailable",46918713,"unavailable",23,"unavailable",0,"unavailable",40,0,
"http://lod.kaist.ac.kr/sparql","South Korea",true,"http://lod.kaist.ac.kr/resource/%EA%B3%A0%EA%B5%AC%EB%A7%88%EC%A4%84%EA%B8%B0%EA%B9%80%EC%B9%98",true,true,true,true,true,true,false,true,"unavailable",13787323,"unavailable",568,"unavailable",0,0,44183,0,
"http://lod.my-eventos.com/en/services/sparql/","Russia",true,"not available",true,false,false,true,false,false,"unavailable",false,"unavailable","unavailable","unavailable","unavailable","unavailable","unavailable","unavailable","unavailable","unavailable",
"http://lod.openlinksw.com/sparql","Netherlands",true,"http://rdf.basekb.com/ns/m.03yvv3s",true,true,true,true,true,true,false,false,"unavailable","unavailable","unavailable","unavailable","unavailable",122749324,9413426,"unavailable",29207459,
"http://lod.sztaki.hu/sparql","Hungary",true,"http://lod.sztaki.hu/data/auth/36122",true,true,true,true,true,true,true,true,48322872,16846132,29390,400,210,8,805914,5916635,0,
"http://lod.xdams.org/sparql","Italy",false,
"http://lofd.tw.rpi.edu/sparql","United States",true,"http://lofd.tw.rpi.edu/id/sdService1583aa16-ec65-4567-a0a9-765cafac9e95",true,true,true,true,true,true,false,true,6879284,467481,426260,88,336,0,2591,8665,0,
"http://logd.tw.rpi.edu/sparql","United States",true,"not available",true,false,false,true,true,false,"unavailable",false,"unavailable","unavailable","unavailable","unavailable","unavailable","unavailable","unavailable","unavailable","unavailable",
"http://lov.okfn.org/endpoint/lov","United States",true,"not available",true,false,false,true,false,false,"unavailable",false,"unavailable","unavailable","unavailable","unavailable","unavailable","unavailable","unavailable","unavailable","unavailable",
"http://lsd.taxonconcept.org/sparql","United States",false,
"http://meducator.open.ac.uk/resourcesrestapi/rest/meducator/sparql","United Kingdom",true,"",false,false,false,true,false,false,"unavailable",false,"unavailable","unavailable","unavailable","unavailable","unavailable","unavailable","unavailable","unavailable","unavailable",
"http://meharry.eagle-i.net/sparqler/sparql","United States",true,"",false,false,false,true,false,false,"unavailable",false,"unavailable","unavailable","unavailable","unavailable","unavailable","unavailable","unavailable","unavailable","unavailable",
"http://mgi.bio2rdf.org/sparql","Canada",true,"not available",true,true,true,true,true,false,"unavailable",false,2464634,251210,4,24,163,83779,0,83820,0,
"http://minsky.gsi.dit.upm.es/semanticwiki/index.php/Special:SPARQLEndpoint","Spain",true,"not available",true,false,true,true,false,false,"unavailable",false,"unavailable","unavailable","unavailable","unavailable","unavailable","unavailable","unavailable","unavailable","unavailable",
"http://miuras.inf.um.es/sparql","Spain",false,
"http://mlode.nlp2rdf.org/sparql","Germany",true,"http://mlode.nlp2rdf.org/sentiws/word/Oase",true,true,true,true,true,true,false,true,276228093,56046272,3,842,8857,1,30165,14586009,0,
"http://monnetproject.deri.ie/lemonsource_query/","Ireland",true,"",true,false,false,true,false,false,"unavailable",false,"unavailable","unavailable","unavailable","unavailable","unavailable","unavailable","unavailable","unavailable","unavailable",
"http://montana.eagle-i.net/sparqler/sparql","United States",true,"",false,false,false,true,false,false,"unavailable",false,"unavailable","unavailable","unavailable","unavailable","unavailable","unavailable","unavailable","unavailable","unavailable",
"http://msm.eagle-i.net/sparqler/sparql","United States",true,"",false,false,false,true,false,false,"unavailable",false,"unavailable","unavailable","unavailable","unavailable","unavailable","unavailable","unavailable","unavailable","unavailable",
"http://n-lex.publicdata.eu/sparql","Germany",true,"http://n-lex.publicdata.eu/germany/id/BJNR023370974",true,true,true,true,true,true,true,true,13543352,825567,15568,198,236,0,337176,637634,0,
"http://ndb.publink.lod2.eu/sparql","Germany",false,
"http://neuroweb.med.yale.edu:8890/sparql","United States",false,
"http://newcastle.rkbexplorer.com/sparql/","United Kingdom",true,"not available",true,false,false,true,false,false,"unavailable",false,"unavailable","unavailable","unavailable","unavailable","unavailable","unavailable","unavailable","unavailable","unavailable",
"http://nl.dbpedia.org/sparql","Germany",true,"http://nl.dbpedia.org/property/zl10w",true,true,true,true,true,true,true,true,93898218,10919880,12,58244,10068,0,40,2493038,0,
"http://notube.rkbexplorer.com/sparql","United Kingdom",false,
"http://nsf.rkbexplorer.com/sparql/","United Kingdom",true,"not available",true,false,false,true,false,false,"unavailable",false,"unavailable","unavailable","unavailable","unavailable","unavailable","unavailable","unavailable","unavailable","unavailable",
"http://oai.rkbexplorer.com/sparql/","United Kingdom",true,"not available",true,false,false,true,false,false,"unavailable",false,"unavailable","unavailable","unavailable","unavailable","unavailable","unavailable","unavailable","unavailable","unavailable",
"http://obo.bio2rdf.org/sparql","Canada",false,
"http://oecd.270a.info/sparql","Ireland",true,"http://oecd.270a.info/attribute/1.0/OBS_STATUS",true,true,true,true,true,true,true,true,"unavailable","unavailable","unavailable",1288,"unavailable",4,1122,1875,0,
"http://ohsu.eagle-i.net/sparqler/sparql","United States",true,"",false,false,false,true,false,false,"unavailable",false,"unavailable","unavailable","unavailable","unavailable","unavailable","unavailable","unavailable","unavailable","unavailable",
"http://omim.bio2rdf.org/sparql","Canada",true,"not available",true,true,true,true,true,false,"unavailable",false,1851341,88839,3,31,200,0,0,205861,0,
"http://opendap.tw.rpi.edu/sparql","United States",true,"http://opendap.tw.rpi.edu/source/us/dataset/cr-linksets/version/2014-Feb-14",true,true,true,true,true,true,true,true,7788562,2874571,8855,110,298,0,27,158,0,
"http://opendata-bundestag.de/sparql","Germany",true,"http://opendata-bundestag.de/DAV/VAD/conductor/toolkit/rectwin.js",true,true,true,true,true,true,false,true,"unavailable","unavailable","unavailable","unavailable","unavailable","unavailable","unavailable","unavailable","unavailable",
"http://opendata.ccd.uniroma2.it/LMF/sparql/select","Italy",true,"http://opendata.ccd.uniroma2.it/LMF/resource/corso_150619",true,true,false,true,false,true,false,true,338358,66575,258,15,75,10777,0,1,0,
"http://opendatacommunities.org/sparql","Germany",true,"http://opendatacommunities.org/id/housing/additional-affordable-dwellings/2006-2007/00CR/affordable",true,false,true,true,true,true,true,true,"unavailable",3592908,"unavailable",279,"unavailable",7,201,"unavailable",1,
"http://openuplabs.tso.co.uk/sparql/gov-education","United Kingdom",true,"not available",true,true,false,true,false,false,"unavailable",false,"unavailable","unavailable","unavailable","unavailable","unavailable","unavailable","unavailable","unavailable","unavailable",
"http://os.rkbexplorer.com/sparql/","United Kingdom",true,"not available",true,false,false,true,false,false,"unavailable",false,"unavailable","unavailable","unavailable","unavailable","unavailable","unavailable","unavailable","unavailable","unavailable",
"http://os.services.tso.co.uk/geo/sparql","United Kingdom",true,"http://data.ordnancesurvey.co.uk/id/postcodeunit/M191EH",false,true,false,true,false,true,true,false,32539640,2018078,"unavailable","unavailable","unavailable","unavailable","unavailable","unavailable","unavailable",
"http://panther.bio2rdf.org/sparql","Canada",false,
"http://pathwaycommons.bio2rdf.org/sparql","Canada",false,
"http://pdb.bio2rdf.org/sparql","Canada",false,
"http://pfam.bio2rdf.org/sparql","Canada",false,
"http://photos.rkbexplorer.com/sparql","United Kingdom",false,
"http://pisa.rkbexplorer.com/sparql/","United Kingdom",true,"not available",true,false,false,true,false,false,"unavailable",false,"unavailable","unavailable","unavailable","unavailable","unavailable","unavailable","unavailable","unavailable","unavailable",
"http://platform.uberblic.org/api/v1/sparql","Germany",false,
"http://pomelo.iis.sinica.edu.tw:2020/sparql","Taiwan",false,
"http://prelex.publicdata.eu/sparql","Germany",true,"http://prelex.publicdata.eu/r/document/58326",true,true,true,true,true,true,true,true,13543352,825567,15568,198,236,0,337176,637634,0,
"http://prodom.bio2rdf.org/sparql","Canada",false,
"http://provenanceweb.org/sparql","United States",true,"http://provenanceweb.org/id/collection4f31b841-d9a2-4d47-9c86-1494c8be259f",true,true,true,true,true,true,true,true,177100,45995,18763,60,209,0,2228,1648,0,
"http://psm.eagle-i.net/sparqler/sparql","United States",true,"",false,false,false,true,false,false,"unavailable",false,"unavailable","unavailable","unavailable","unavailable","unavailable","unavailable","unavailable","unavailable","unavailable",
"http://pt.dbpedia.org/sparql","Brazil",true,"http://pt.dbpedia.org/property/estilo",true,true,true,true,true,true,true,true,"unavailable","unavailable","unavailable","unavailable","unavailable","unavailable","unavailable","unavailable","unavailable",
"http://pubchem.bio2rdf.org/sparql","Canada",false,
"http://publicspending.medialab.ntua.gr/sparql","Greece",true,"",false,false,false,true,true,false,"unavailable",false,"unavailable","unavailable","unavailable","unavailable","unavailable","unavailable","unavailable","unavailable","unavailable",
"http://pubmed.bio2rdf.org/sparql","Canada",true,"http://bio2rdf.org/pubmed:2808364",true,true,true,true,true,true,true,false,370817207,72518265,4,33,352,0,4577670,51691740,0,
"http://purl.org/openbibliosets/iucrsparql","United States",false,
"http://purl.org/twc/arrayexpress/virtuoso/sparql","United States",false,
"http://purl.org/twc/hub/sparql","United States",false,
"http://purl.org/weso/sparql","United States",false,
"http://rae2001.rkbexplorer.com/sparql/","United Kingdom",true,"not available",true,false,false,true,false,false,"unavailable",false,"unavailable","unavailable","unavailable","unavailable","unavailable","unavailable","unavailable","unavailable","unavailable",
"http://rdf.farmbio.uu.se/chembl/sparql","Sweden",true,"http://linkedchemistry.info/chembl/target/t50037",true,true,true,true,false,true,false,false,130096013,26370308,0,37,148,8878,1,1770203,44681,
"http://rdf.muninn-project.org/sparql","Canada",true,"http://rdf.muninn-project.org/ww1/2011/11/11/Image/07326659a66e27c3b518450f5ab3f2be",true,true,true,true,true,true,false,true,12313955,1481622,"unavailable","unavailable","unavailable","unavailable","unavailable","unavailable","unavailable",
"http://rdf.myexperiment.org/sparql/","United Kingdom",true,"http://rdf.myexperiment.org/ontologies/snarm/Policy",true,false,false,true,false,true,true,true,80000,80000,35,80000,80000,10,80000,221,10,
"http://rdf.ng-london.org.uk/raphael","United Kingdom",true,"not available",false,false,false,true,false,false,"unavailable",false,"unavailable","unavailable","unavailable","unavailable","unavailable","unavailable","unavailable","unavailable","unavailable",
"http://rdfabout.com/sparql","United States",true,"not available",false,false,false,true,true,false,"unavailable",false,"unavailable","unavailable","unavailable","unavailable","unavailable","unavailable","unavailable","unavailable","unavailable",
"http://reactome.bio2rdf.org/sparql","Canada",false,
"http://resex.rkbexplorer.com/sparql/","United Kingdom",true,"not available",true,false,false,true,false,false,"unavailable",false,"unavailable","unavailable","unavailable","unavailable","unavailable","unavailable","unavailable","unavailable","unavailable",
"http://resource.geolba.ac.at/PoolParty/sparql/GeologicTimeScale","Austria",true,"http://resource.geolba.ac.at/GeologicTimeScale/30",true,true,false,true,false,true,true,true,11713,1373,30,25,95,0,12,257,0,
"http://resource.geolba.ac.at/PoolParty/sparql/GeologicUnit","Austria",true,"http://resource.geolba.ac.at/GeologicUnit/296",true,true,false,true,false,true,true,true,18350,1584,38,14,70,0,12,4,0,
"http://resource.geolba.ac.at/PoolParty/sparql/lithology","Austria",true,"http://resource.geolba.ac.at/lithology/35",true,true,false,true,false,true,true,true,6557,348,19,23,86,0,7,34,0,
"http://resource.geolba.ac.at/PoolParty/sparql/tectonicunit","Austria",true,"http://resource.geolba.ac.at/tectonicunit/31",true,true,false,true,false,true,true,true,14583,1221,28,25,83,0,9,402,0,
"http://resrev.ilrt.bris.ac.uk/data-server-workshop/sparql","United Kingdom",true,"http://resrev.ilrt.bris.ac.uk/research-revealed-hub/organisation_units/UNIV#org",false,true,true,true,false,true,false,true,1885124,240179,18964,15,39,0,110071,112317,0,
"http://revyu.com/sparql","United States",true,"not available",false,false,false,true,true,false,"unavailable",false,"unavailable","unavailable","unavailable","unavailable","unavailable","unavailable","unavailable","unavailable","unavailable",
"http://risks.rkbexplorer.com/sparql/","United Kingdom",true,"not available",true,false,false,true,false,false,"unavailable",false,"unavailable","unavailable","unavailable","unavailable","unavailable","unavailable","unavailable","unavailable","unavailable",
"http://river.styx.org/sparql","United Kingdom",false,
"http://rn.bio2rdf.org/sparql","Canada",false,
"http://roma.rkbexplorer.com/sparql/","United Kingdom",true,"not available",true,false,false,true,false,false,"unavailable",false,"unavailable","unavailable","unavailable","unavailable","unavailable","unavailable","unavailable","unavailable","unavailable",
"http://roni.rkbexplorer.com/sparql","United Kingdom",true,"",false,false,false,true,true,false,"unavailable",false,"unavailable","unavailable","unavailable","unavailable","unavailable","unavailable","unavailable","unavailable","unavailable",
"http://seek.rkbexplorer.com/sparql/","United Kingdom",true,"not available",true,false,false,true,false,false,"unavailable",false,"unavailable","unavailable","unavailable","unavailable","unavailable","unavailable","unavailable","unavailable","unavailable",
"http://semantic.ckan.net/sparql/","United States",true,"http://semantic.ckan.net/about/id/http/datahub.io/dataset/eu-parliament-media",true,true,true,true,false,true,true,true,57209355,6265951,16864054,331,1207,909,1637744,12558757,54,
"http://semantic.eea.europa.eu/sparql","Denmark",true,"http://semantic.eea.europa.eu/home/roug/plants.rdf#176460",false,true,false,true,true,true,true,true,417610754,38786027,7301,615,6115,20,94480,3196677,10,
"http://semanticweb.cs.vu.nl/europeana/sparql/","Netherlands",true,"http://purl.org/vocabularies/getty/tgn/1098003",false,true,false,true,false,true,true,false,"unavailable","unavailable","unavailable","unavailable","unavailable",134,688104,1279418,117,
"http://semanticweb.cs.vu.nl/verrijktkoninkrijk/sparql/","Netherlands",true,"not available",false,true,false,true,false,false,"unavailable",false,5474065,918538,130439,115,2994,8,9,10932,86931,
"http://services.data.gov.uk/business/sparql","United Kingdom",false,
"http://services.data.gov.uk/education/sparql","United Kingdom",false,
"http://services.data.gov.uk/environment/sparql","United Kingdom",false,
"http://services.data.gov.uk/patents/sparql","United Kingdom",false,
"http://services.data.gov.uk/reference/sparql","United Kingdom",false,
"http://services.data.gov.uk/research/sparql","United Kingdom",false,
"http://services.data.gov.uk/statistics/sparql","United Kingdom",false,
"http://services.data.gov.uk/transport/sparql","United Kingdom",false,
"http://services.data.gov/sparql","United States",false,
"http://services.insemtives.eu/forest/sparql","Bulgaria",false,
"http://setaria.oszk.hu/sparql","Hungary",true,"http://nektar.oszk.hu/resource/manifestation/3378020",true,true,true,true,true,true,true,false,60272904,2785807,3,25,149,0,1926752,40,0,
"http://sgd.bio2rdf.org/sparql","Canada",true,"not available",true,true,true,true,true,false,"unavailable",false,5677406,726986,3,96,191,0,17126,665169,0,
"http://skos.um.es/sparql/","Spain",true,"http://skos.um.es/unesco6/570111",true,true,true,true,false,true,true,true,289462,27173,"unavailable","unavailable","unavailable","unavailable","unavailable","unavailable","unavailable",
"http://smartlink.open.ac.uk/smartlink/sparql","United Kingdom",true,"not available",false,false,false,true,false,false,"unavailable",false,"unavailable","unavailable","unavailable","unavailable","unavailable","unavailable","unavailable","unavailable","unavailable",
"http://soa4all.isoco.net/luf/sparql","Spain",true,"http://soa4all.isoco.net/luf/taggings/1d7459ff985ea9ff6c985a3f1eabd710/provenanceDataCreation",false,true,false,true,false,true,true,true,"unavailable","unavailable","unavailable","unavailable","unavailable","unavailable","unavailable","unavailable","unavailable",
"http://socialarchive.iath.virginia.edu/sparql/eac","United States",true,"http://socialarchive.iath.virginia.edu/xtf/view?docId=thomas-a-edison-inc-cr.xml#entity",false,true,true,true,false,true,false,true,642142,150234,0,4,7,0,0,0,0,
"http://socialarchive.iath.virginia.edu/sparql/snac-viaf","United States",true,"not available",false,true,true,true,false,false,"unavailable",false,8421,0,0,0,1,0,0,0,0,
"http://sonicbanana.cs.wright.edu:8890/sparql","United States",false,
"http://southampton.rkbexplorer.com/sparql/","United Kingdom",true,"not available",true,false,false,true,false,false,"unavailable",false,"unavailable","unavailable","unavailable","unavailable","unavailable","unavailable","unavailable","unavailable","unavailable",
"http://sparql.data.southampton.ac.uk/","United Kingdom",true,"not available",true,true,true,true,false,false,"unavailable",false,1996,1996,"unavailable","unavailable","unavailable","unavailable","unavailable","unavailable","unavailable",
"http://sparql.jesandco.org:8890/sparql","United States",true,"http://asn.jesandco.org/resources/D10003AE",true,true,true,false,true,true,false,false,7494201,526318,3,29,199,13598,0,207,1,
"http://sparql.kupkb.org/sparql","France",false,
"http://sparql.linkedfood.org","Germany",true,"not available",true,true,true,true,true,false,"unavailable",false,20685,4041,281,75,149,2,0,1287,0,
"http://sparql.linkedopendata.it/cap","Italy",true,"not available",false,true,false,true,false,false,"unavailable",false,437168,85249,0,9,13,0,0,16310,0,
"http://sparql.linkedopendata.it/grrp","Italy",true,"not available",false,true,false,true,false,false,"unavailable",false,154542,39886,24800,16,28,0,0,14903,0,
"http://sparql.linkedopendata.it/grrt","Italy",true,"not available",false,true,false,true,false,false,"unavailable",false,435313,107258,69959,15,25,0,0,47484,0,
"http://sparql.linkedopendata.it/istat","Italy",true,"",false,false,false,true,false,false,"unavailable",false,"unavailable","unavailable","unavailable","unavailable","unavailable","unavailable","unavailable","unavailable","unavailable",
"http://sparql.linkedopendata.it/loc ","Italy",true,"not available",false,false,false,true,false,false,"unavailable",false,"unavailable","unavailable","unavailable","unavailable","unavailable","unavailable","unavailable","unavailable","unavailable",
"http://sparql.linkedopendata.it/los","Italy",true,"not available",false,true,false,true,false,false,"unavailable",false,2584,633,0,11,17,0,0,329,0,
"http://sparql.linkedopendata.it/musei","Italy",true,"not available",false,true,false,true,false,false,"unavailable",false,50480,9776,6390,11,20,0,0,7889,0,
"http://sparql.linkedopendata.it/scuole","Italy",true,"not available",false,true,false,true,false,false,"unavailable",false,726608,103571,0,11,25,0,0,63043,0,
"http://sparql.msc2010.org","Greece",false,
"http://sparql.neurocommons.org:8890/nsparql/","United States",false,
"http://sparql.openmobilenetwork.org","Germany",true,"not available",true,true,true,true,true,false,"unavailable",false,12868679,667894,6,53,177,0,1,101,0,
"http://sparql.reegle.info/","Germany",true,"not available",true,true,true,true,false,false,"unavailable",false,58518,3015,0,18,78,755,0,32,0,
"http://sparql.sindice.com/sparql","Ireland",false,
"http://sparql.wikipathways.org/","Netherlands",true,"not available",true,true,true,true,false,false,"unavailable",false,2999227,386425,81308,34,219,1008,194,146155,1,
"http://sparql.yovisto.com/","Germany",true,"http://sparql.yovisto.com/DAV/VAD/conductor/images/icons/skipf_16.png",true,true,false,true,false,true,false,true,"unavailable","unavailable","unavailable","unavailable","unavailable","unavailable","unavailable","unavailable","unavailable",
"http://spatial.ucd.ie/lod/sparql","Ireland",false,
"http://spcdata.digitpa.gov.it:8899/sparql","Italy",true,"http://spcdata.digitpa.gov.it/Responsabile/cc-ABN36906",true,true,true,false,true,true,true,true,1795740,296006,961,82,224,3,4,160985,0,
"http://spending.lichfielddc.gov.uk/sparql","United Kingdom",true,"",true,false,false,true,true,false,"unavailable",false,"unavailable","unavailable","unavailable","unavailable","unavailable","unavailable","unavailable","unavailable","unavailable",
"http://sw.unime.it:8890/sparql","Italy",false,
"http://symbolicdata.org:8890/sparql","Germany",true,"http://symbolicdata.org/Data/Ideal/FourCircles_1.Homog",true,true,true,false,true,true,true,true,285166,20602,8474,49,252,0,113,592,0,
"http://telegraphis.net/data/countries/sparql","United States",true,"not available",false,false,false,true,false,false,"unavailable",false,"unavailable","unavailable","unavailable","unavailable","unavailable","unavailable","unavailable","unavailable","unavailable",
"http://tkm.kiom.re.kr/ontology/sparql","South Korea",true,"http://tkm.kiom.re.kr/tkmedicine#BP消化系",true,true,true,true,false,true,false,true,55153,11320,163,43,56,0,0,0,0,
"http://transparency.270a.info/sparql","Ireland",true,"http://transparency.270a.info/classification/country/BY",true,true,true,true,true,true,true,true,51406,6510,435,73,191,3,11,4809,0,
"http://tsu.eagle-i.net/sparqler/sparql","United States",true,"",false,false,false,true,false,false,"unavailable",false,"unavailable","unavailable","unavailable","unavailable","unavailable","unavailable","unavailable","unavailable","unavailable",
"http://tuskegee.eagle-i.net/sparqler/sparql","United States",true,"",false,false,false,true,false,false,"unavailable",false,"unavailable","unavailable","unavailable","unavailable","unavailable","unavailable","unavailable","unavailable","unavailable",
"http://twarql.org:8890/sparql","",false,
"http://uccaribe.eagle-i.net/sparqler/sparql","United States",true,"",false,false,false,true,false,false,"unavailable",false,"unavailable","unavailable","unavailable","unavailable","unavailable","unavailable","unavailable","unavailable","unavailable",
"http://ulm.rkbexplorer.com/sparql/","United Kingdom",true,"not available",true,false,false,true,false,false,"unavailable",false,"unavailable","unavailable","unavailable","unavailable","unavailable","unavailable","unavailable","unavailable","unavailable",
"http://uniparc.bio2rdf.org/sparql","Canada",false,
"http://uniprot.bio2rdf.org/sparql","Canada",false,
"http://uniref.bio2rdf.org/sparql","Canada",false,
"http://unists.bio2rdf.org/sparql","",false,
"http://unlocode.rkbexplorer.com/sparql/","United Kingdom",true,"not available",true,false,false,true,false,false,"unavailable",false,"unavailable","unavailable","unavailable","unavailable","unavailable","unavailable","unavailable","unavailable","unavailable",
"http://unodc.publicdata.eu/sparql","Germany",true,"http://unodc.publicdata.eu/r/observation/data/cts12_criminal_justice_resourcesCapacity+adult+prisonsRateSierra+Leone2008",true,true,true,true,true,true,true,true,13543352,825567,15568,198,236,0,337176,637634,0,
"http://upr.eagle-i.net/sparqler/sparql","United States",true,"",false,false,false,true,false,false,"unavailable",false,"unavailable","unavailable","unavailable","unavailable","unavailable","unavailable","unavailable","unavailable","unavailable",
"http://utep.eagle-i.net/sparqler/sparql","United States",true,"",false,false,false,true,false,false,"unavailable",false,"unavailable","unavailable","unavailable","unavailable","unavailable","unavailable","unavailable","unavailable","unavailable",
"http://utsa.eagle-i.net/sparqler/sparql","United States",true,"",false,false,false,true,false,false,"unavailable",false,"unavailable","unavailable","unavailable","unavailable","unavailable","unavailable","unavailable","unavailable","unavailable",
"http://vocab.nerc.ac.uk/sparql/","United Kingdom",true,"not available",true,false,false,true,false,false,"unavailable",false,"unavailable","unavailable","unavailable","unavailable","unavailable","unavailable","unavailable","unavailable","unavailable",
"http://vocabulary.semantic-web.at/PoolParty/sparql/AustrianSkiTeam","Austria",true,"http://vocabulary.semantic-web.at/AustrianSkiTeam/50",true,true,false,true,false,true,true,true,10944,2219,45,95,112,0,21,217,0,
"http://vocabulary.semantic-web.at/PoolParty/sparql/OpenData","Austria",true,"http://vocabulary.semantic-web.at/OpenData/RDFa",true,true,false,true,false,true,true,true,2515,264,8,84,70,0,20,10,0,
"http://vocabulary.semantic-web.at/PoolParty/sparql/semweb","Austria",true,"http://vocabulary.semantic-web.at/semweb/1663",true,true,false,true,false,true,true,true,38817,3365,49,488,96,0,14,10,0,
"http://vocabulary.wolterskluwer.de/PoolParty/sparql/arbeitsrecht","Germany",true,"http://vocabulary.wolterskluwer.de/arbeitsrecht/11938",true,true,false,true,false,true,false,true,113364,1739,1623,9,61,0,4,689,0,
"http://vocabulary.wolterskluwer.de/PoolParty/sparql/court","Germany",true,"http://vocabulary.wolterskluwer.de/court/11470",true,true,false,true,false,true,false,true,30605,1529,30,10,71,0,7,981,0,
"http://webconf.rkbexplorer.com/sparql","United Kingdom",true,"not available",true,false,false,true,true,false,"unavailable",false,"unavailable","unavailable","unavailable","unavailable","unavailable","unavailable","unavailable","unavailable","unavailable",
"http://webenemasuno.linkeddata.es/sparql","Spain",true,"http://webenemasuno.linkeddata.es/elviajero/resource/TextAnnotation/TEXTANNOTATION1338044676019",true,true,true,true,true,true,true,true,4631092,1017635,105,66,170,0,28,17721,0,
"http://webscience.rkbexplorer.com/sparql","United Kingdom",true,"not available",true,false,false,true,true,false,"unavailable",false,"unavailable","unavailable","unavailable","unavailable","unavailable","unavailable","unavailable","unavailable","unavailable",
"http://wiki.rkbexplorer.com/sparql/","United Kingdom",true,"not available",true,false,false,true,false,false,"unavailable",false,"unavailable","unavailable","unavailable","unavailable","unavailable","unavailable","unavailable","unavailable","unavailable",
"http://wiktionary.dbpedia.org/sparql","Germany",true,"http://wiktionary.dbpedia.org/resource/Уступить",true,true,true,true,true,false,"unavailable",true,276228093,56046272,3,842,8857,1,30165,14586009,0,
"http://wordnet.okfn.gr:8890/sparql/","Greece",true,"http://wordnet.okfn.gr/resource/synset-μορφοποιώ-verb-1",true,true,true,false,false,false,"unavailable",true,356595,56757,42,33,132,0,0,56676,0,
"http://wordnet.rkbexplorer.com/sparql/","United Kingdom",true,"not available",true,false,false,true,false,false,"unavailable",false,"unavailable","unavailable","unavailable","unavailable","unavailable","unavailable","unavailable","unavailable","unavailable",
"http://worldbank.270a.info/sparql","Ireland",true,"http://worldbank.270a.info/dataset/world-bank-climates/year-average-anomaly/2060-2079/100/pr/csiro-mk3-5/a2",true,true,true,true,true,true,true,true,"unavailable","unavailable","unavailable",24,"unavailable",0,91537,205,0,
"http://www.archivesdefrance.culture.gouv.fr/thesaurus/sparql","France",false,
"http://www.auth.gr/sparql","Greece",true,"not available",true,true,true,true,true,false,"unavailable",false,2351670,338286,"unavailable","unavailable","unavailable","unavailable","unavailable","unavailable","unavailable",
"http://www.crystallography.net:2020/snorql/","Lithuania",true,"not available",true,false,false,false,false,false,"unavailable",false,"unavailable","unavailable","unavailable","unavailable","unavailable","unavailable","unavailable","unavailable","unavailable",
"http://www.icane.es/opendata/sparql","Spain",true,"http://www.icane.es/data/active-population-unemployed-training-level-reached-gender#timeseries",false,true,true,true,false,true,false,true,69180,6658,30,17,52,0,5881,6810,0,
"http://www.lotico.com:3030/lotico","United States",false,
"http://www.morelab.deusto.es/joseki/articles","Spain",true,"http://www.morelab.deusto.es/resource/accesibilidad-para-discapacitados-a-traves-de-telefonos-y-servicios-moviles-adaptables",false,true,true,true,false,true,true,true,3906,399,0,13,79,106,20,113,0,
"http://www.open-biomed.org.uk/sparql/endpoint/bdgp_20081030","United Kingdom",false,
"http://www.open-biomed.org.uk/sparql/endpoint/flyatlas","United Kingdom",false,
"http://www.open-biomed.org.uk/sparql/endpoint/flybase","United Kingdom",false,
"http://www.open-biomed.org.uk/sparql/endpoint/flyted","United Kingdom",false,
"http://www.open-biomed.org.uk/sparql/endpoint/tcm","United Kingdom",false,
"http://www.provincia.carboniaiglesias.it/sparql","Italy",true,"http://www.provincia.carboniaiglesias.it/delibera-consiglio/2010/16-0",true,true,true,true,true,true,false,true,207758,64859,"unavailable","unavailable","unavailable","unavailable","unavailable","unavailable","unavailable",
"http://www.rdfabout.com/sparql","United States",true,"not available",false,false,false,true,true,false,"unavailable",false,"unavailable","unavailable","unavailable","unavailable","unavailable","unavailable","unavailable","unavailable","unavailable",
"http://www.rechercheisidore.fr/sparql","France",true,"http://www.rechercheisidore.fr/resource/10670/2.17pwet",true,true,true,true,true,true,true,true,143364767,13693793,5194772,41,"unavailable",619741,2712665,437890,2972983,
"http://www.sparql.org/sparql.html","United States",true,"not available",true,false,false,true,false,false,"unavailable",false,"unavailable","unavailable","unavailable","unavailable","unavailable","unavailable","unavailable","unavailable","unavailable",
"http://www4.wiwiss.fu-berlin.de/cordis/sparql","Germany",true,"",false,false,false,true,false,false,"unavailable",false,"unavailable","unavailable","unavailable","unavailable","unavailable","unavailable","unavailable","unavailable","unavailable",
"http://www4.wiwiss.fu-berlin.de/dailymed/sparql","Germany",true,"",false,false,false,true,false,false,"unavailable",false,"unavailable","unavailable","unavailable","unavailable","unavailable","unavailable","unavailable","unavailable","unavailable",
"http://www4.wiwiss.fu-berlin.de/dblp/sparql","Germany",false,
"http://www4.wiwiss.fu-berlin.de/diseasome/sparql","Germany",true,"",false,false,false,true,false,false,"unavailable",false,"unavailable","unavailable","unavailable","unavailable","unavailable","unavailable","unavailable","unavailable","unavailable",
"http://www4.wiwiss.fu-berlin.de/drugbank/sparql","Germany",true,"",false,false,false,true,false,false,"unavailable",false,"unavailable","unavailable","unavailable","unavailable","unavailable","unavailable","unavailable","unavailable","unavailable",
"http://www4.wiwiss.fu-berlin.de/eccompetition/sparql","Germany",false,
"http://www4.wiwiss.fu-berlin.de/euraxess/sparql","Germany",false,
"http://www4.wiwiss.fu-berlin.de/eures/sparql","Germany",false,
"http://www4.wiwiss.fu-berlin.de/eurostat/sparql","Germany",true,"",false,false,false,true,false,false,"unavailable",false,"unavailable","unavailable","unavailable","unavailable","unavailable","unavailable","unavailable","unavailable","unavailable",
"http://www4.wiwiss.fu-berlin.de/factbook/sparql","Germany",true,"",false,false,false,true,false,false,"unavailable",false,"unavailable","unavailable","unavailable","unavailable","unavailable","unavailable","unavailable","unavailable","unavailable",
"http://www4.wiwiss.fu-berlin.de/gutendata/sparql","Germany",true,"",false,false,false,true,false,false,"unavailable",false,"unavailable","unavailable","unavailable","unavailable","unavailable","unavailable","unavailable","unavailable","unavailable",
"http://www4.wiwiss.fu-berlin.de/medicare/sparql","Germany",true,"",false,false,false,true,false,false,"unavailable",false,"unavailable","unavailable","unavailable","unavailable","unavailable","unavailable","unavailable","unavailable","unavailable",
"http://www4.wiwiss.fu-berlin.de/sider/sparql","Germany",true,"",false,false,false,true,false,false,"unavailable",false,"unavailable","unavailable","unavailable","unavailable","unavailable","unavailable","unavailable","unavailable","unavailable",
"http://www4.wiwiss.fu-berlin.de/stitch/sparql","Germany",true,"",false,false,false,true,false,false,"unavailable",false,"unavailable","unavailable","unavailable","unavailable","unavailable","unavailable","unavailable","unavailable","unavailable",
"http://xula.eagle-i.net/sparqler/sparql","United States",true,"",false,false,false,true,false,false,"unavailable",false,"unavailable","unavailable","unavailable","unavailable","unavailable","unavailable","unavailable","unavailable","unavailable",
"http://zaire.dimis.fim.uni-passau.de:8080/bigdataMindmeister/sparql","Germany",true,"not available",true,true,false,false,false,false,"unavailable",false,0,0,"unavailable","unavailable","unavailable","unavailable","unavailable","unavailable","unavailable",
"http://zbw.eu/beta/sparql/stw/query","Germany",false,
"http://zhishi.me/sparql","China",true,"not available",true,false,false,true,true,false,"unavailable",false,"unavailable","unavailable","unavailable","unavailable","unavailable","unavailable","unavailable","unavailable","unavailable",
"https://data.ox.ac.uk/sparql/","",true,"not available",true,true,true,true,true,false,"unavailable",false,308849,49887,1530,131,328,2159,9253,20756,20,
"https://eagle-i.ea.vanderbilt.edu/sparqler/sparql","",true,"",false,false,false,true,true,false,"unavailable",false,"unavailable","unavailable","unavailable","unavailable","unavailable","unavailable","unavailable","unavailable","unavailable",
